{
  "project_info": {
    "project_number": "136023743018",
    "firebase_url": "https://test-38881.firebaseio.com",
    "project_id": "test-38881",
    "storage_bucket": "test-38881.appspot.com"
  },
  "client": [
    {
      "client_info": {
        "mobilesdk_app_id": "1:136023743018:android:26b9c98305378f16",
        "android_client_info": {
          "package_name": "com.dev.sanskar.golusharma"
        }
      },
      "oauth_client": [
        {
          "client_id": "136023743018-kpjjlrarklva2sfhjig7lcoseq98c6e2.apps.googleusercontent.com",
          "client_type": 3
        }
      ],
      "api_key": [
        {
          "current_key": "AIzaSyBG6kcaxFJ7V-sUZfNgOvPhDiZXdEV0VOI"
        }
      ],
      "services": {
        "analytics_service": {
          "status": 1
        },
        "appinvite_service": {
          "status": 1,
          "other_platform_oauth_client": []
        },
        "ads_service": {
          "status": 2
        }
      }
    },
    {
      "client_info": {
        "mobilesdk_app_id": "1:136023743018:android:ec14e677e9888be8",
        "android_client_info": {
          "package_name": "rajasthan.hackathon.healthmitra"
        }
      },
      "oauth_client": [
        {
          "client_id": "136023743018-kpjjlrarklva2sfhjig7lcoseq98c6e2.apps.googleusercontent.com",
          "client_type": 3
        }
      ],
      "api_key": [
        {
          "current_key": "AIzaSyBG6kcaxFJ7V-sUZfNgOvPhDiZXdEV0VOI"
        }
      ],
      "services": {
        "analytics_service": {
          "status": 1
        },
        "appinvite_service": {
          "status": 1,
          "other_platform_oauth_client": []
        },
        "ads_service": {
          "status": 2
        }
      }
    }
  ],
  "configuration_version": "1"
}